{"name":"Rack2","transformData":{"position":{"x":0.35597375,"y":0.4818233,"z":0.3999817},"rotation":{"x":1.09546477E-07,"y":1.68955448E-05,"z":-1.85304643E-07,"w":1.0}}}